sensor_id,timestamp,temperature,humidity,location,sensor_type
1057,2025-04-08 03:26:07,20.2,40.34,BuildingB_Floor2,TypeC
1000,2025-04-08 07:48:39,28.32,51.25,BuildingB_Floor2,TypeB
1007,2025-04-08 00:00:11,22.92,56.28,BuildingA_Floor2,TypeB
1023,2025-04-10 00:05:02,24.55,75.54,BuildingB_Floor1,TypeA
1099,2025-04-10 20:19:45,30.42,65.17,BuildingA_Floor2,TypeA
1015,2025-04-08 07:45:02,19.83,79.99,BuildingB_Floor1,TypeB
1069,2025-04-10 19:27:27,19.78,49.86,BuildingA_Floor1,TypeA
1047,2025-04-09 05:37:05,24.91,53.44,BuildingB_Floor1,TypeC
1083,2025-04-07 19:50:13,33.74,56.6,BuildingA_Floor1,TypeC
1045,2025-04-09 13:47:50,32.48,33.94,BuildingA_Floor1,TypeC
1039,2025-04-10 12:20:58,23.89,48.28,BuildingA_Floor2,TypeC
1078,2025-04-10 17:37:10,19.56,32.14,BuildingB_Floor2,TypeA
1040,2025-04-09 18:58:10,28.58,50.9,BuildingB_Floor2,TypeC
1001,2025-04-07 16:25:45,24.11,68.04,BuildingA_Floor1,TypeA
1074,2025-04-08 09:44:30,29.29,60.56,BuildingB_Floor2,TypeA
1100,2025-04-07 18:34:43,21.47,31.28,BuildingA_Floor2,TypeB
1011,2025-04-07 19:19:13,18.51,35.69,BuildingB_Floor2,TypeA
1037,2025-04-10 06:50:36,17.12,38.94,BuildingA_Floor2,TypeC
1055,2025-04-09 14:53:32,21.51,37.82,BuildingA_Floor1,TypeA
1052,2025-04-08 16:59:15,21.96,56.79,BuildingA_Floor2,TypeC
1092,2025-04-09 02:30:07,16.21,47.92,BuildingA_Floor1,TypeB
1024,2025-04-08 20:06:31,25.09,31.8,BuildingB_Floor1,TypeA
1039,2025-04-08 15:20:02,27.35,50.63,BuildingA_Floor2,TypeB
1017,2025-04-11 13:43:40,24.73,43.87,BuildingB_Floor1,TypeB
1069,2025-04-10 16:44:21,24.92,75.84,BuildingA_Floor1,TypeB
1044,2025-04-11 03:54:37,29.87,69.02,BuildingA_Floor2,TypeA
1017,2025-04-10 18:23:36,33.07,76.57,BuildingA_Floor2,TypeC
1071,2025-04-11 22:55:40,26.72,43.12,BuildingB_Floor1,TypeC
1024,2025-04-08 02:54:44,18.46,50.11,BuildingA_Floor1,TypeA
1081,2025-04-11 11:26:07,15.37,43.78,BuildingB_Floor1,TypeB
1085,2025-04-11 02:55:37,24.27,43.81,BuildingA_Floor1,TypeC
1031,2025-04-07 09:44:02,16.77,73.96,BuildingB_Floor2,TypeC
1067,2025-04-10 08:32:39,27.04,48.55,BuildingA_Floor2,TypeA
1000,2025-04-07 15:02:38,25.71,35.1,BuildingB_Floor2,TypeA
1009,2025-04-07 14:14:03,20.87,49.22,BuildingA_Floor1,TypeB
1073,2025-04-07 18:41:00,33.74,33.08,BuildingB_Floor1,TypeC
1044,2025-04-09 07:11:00,31.25,75.79,BuildingA_Floor2,TypeB
1057,2025-04-10 15:13:45,15.86,47.59,BuildingA_Floor1,TypeA
1011,2025-04-11 15:15:14,31.57,64.69,BuildingA_Floor2,TypeC
1008,2025-04-10 14:20:45,31.99,47.07,BuildingA_Floor1,TypeC
1031,2025-04-08 07:55:55,30.82,33.2,BuildingA_Floor1,TypeC
1065,2025-04-09 16:53:53,33.59,58.1,BuildingB_Floor1,TypeA
1077,2025-04-11 00:58:03,31.67,36.09,BuildingA_Floor2,TypeA
1051,2025-04-08 23:39:30,27.15,52.64,BuildingA_Floor2,TypeB
1091,2025-04-07 13:47:23,17.53,32.63,BuildingB_Floor1,TypeB
1041,2025-04-11 06:39:15,18.28,69.5,BuildingB_Floor1,TypeC
1030,2025-04-07 15:15:35,16.71,33.02,BuildingA_Floor1,TypeB
1079,2025-04-11 11:58:29,32.3,59.26,BuildingB_Floor1,TypeA
1074,2025-04-10 09:37:58,26.87,40.97,BuildingB_Floor1,TypeC
1050,2025-04-09 07:58:32,30.16,73.69,BuildingB_Floor1,TypeB
1031,2025-04-07 23:16:43,31.19,55.15,BuildingB_Floor1,TypeC
1033,2025-04-09 20:05:40,33.6,64.81,BuildingB_Floor2,TypeA
1057,2025-04-08 16:24:36,30.05,47.57,BuildingB_Floor2,TypeC
1083,2025-04-10 09:32:37,18.38,74.14,BuildingB_Floor2,TypeC
1078,2025-04-10 14:59:50,21.34,51.15,BuildingB_Floor2,TypeB
1006,2025-04-07 11:43:06,32.99,44.9,BuildingB_Floor1,TypeA
1023,2025-04-07 13:56:50,29.57,47.51,BuildingA_Floor2,TypeA
1015,2025-04-08 13:58:52,26.48,31.88,BuildingA_Floor1,TypeB
1082,2025-04-07 12:52:37,29.12,45.46,BuildingB_Floor2,TypeB
1090,2025-04-11 16:07:11,27.84,79.24,BuildingB_Floor1,TypeC
1016,2025-04-08 23:59:27,26.85,43.65,BuildingB_Floor2,TypeC
1025,2025-04-08 15:33:52,31.34,60.44,BuildingB_Floor2,TypeA
1092,2025-04-08 09:45:44,26.77,34.81,BuildingA_Floor2,TypeB
1069,2025-04-08 12:02:07,19.45,49.95,BuildingA_Floor2,TypeB
1073,2025-04-07 07:26:07,26.51,39.37,BuildingA_Floor2,TypeA
1086,2025-04-10 18:27:30,23.01,79.58,BuildingA_Floor2,TypeB
1100,2025-04-11 23:49:43,18.64,62.83,BuildingA_Floor1,TypeC
1008,2025-04-08 02:44:42,21.58,61.25,BuildingA_Floor2,TypeB
1028,2025-04-11 09:10:02,21.14,78.6,BuildingB_Floor2,TypeC
1017,2025-04-08 23:17:08,15.28,77.48,BuildingB_Floor2,TypeA
1007,2025-04-09 07:22:31,25.52,46.26,BuildingB_Floor2,TypeC
1099,2025-04-09 06:32:17,29.08,36.88,BuildingB_Floor2,TypeC
1031,2025-04-12 02:47:20,27.05,51.61,BuildingA_Floor1,TypeC
1006,2025-04-10 01:35:12,15.04,35.33,BuildingB_Floor1,TypeA
1051,2025-04-11 07:41:46,18.82,34.19,BuildingA_Floor2,TypeB
1069,2025-04-07 03:45:57,24.91,39.37,BuildingB_Floor2,TypeB
1070,2025-04-08 06:04:49,31.45,77.66,BuildingB_Floor2,TypeB
1071,2025-04-07 06:35:28,21.12,30.42,BuildingA_Floor2,TypeB
1072,2025-04-11 01:11:22,19.97,32.45,BuildingA_Floor2,TypeC
1022,2025-04-10 05:35:41,26.12,75.99,BuildingA_Floor1,TypeA
1000,2025-04-12 01:36:39,20.54,68.25,BuildingA_Floor1,TypeA
1011,2025-04-11 16:57:40,17.47,61.04,BuildingA_Floor2,TypeC
1063,2025-04-08 08:19:59,28.65,31.33,BuildingA_Floor1,TypeA
1056,2025-04-11 20:47:40,18.27,52.6,BuildingA_Floor2,TypeC
1037,2025-04-07 20:42:57,28.07,75.08,BuildingA_Floor2,TypeB
1033,2025-04-09 01:05:02,21.11,71.54,BuildingB_Floor2,TypeB
1045,2025-04-10 03:53:41,24.24,49.76,BuildingA_Floor2,TypeC
1029,2025-04-08 03:18:27,27.8,38.21,BuildingB_Floor1,TypeA
1084,2025-04-07 16:19:59,27.18,35.53,BuildingB_Floor1,TypeA
1087,2025-04-07 05:25:07,26.13,62.73,BuildingB_Floor1,TypeC
1100,2025-04-09 08:14:22,19.96,45.95,BuildingB_Floor2,TypeC
1031,2025-04-08 22:40:06,31.37,51.43,BuildingA_Floor1,TypeC
1074,2025-04-10 09:40:43,18.74,53.62,BuildingA_Floor2,TypeB
1029,2025-04-07 23:32:59,15.81,34.2,BuildingB_Floor2,TypeB
1047,2025-04-08 03:05:44,32.1,54.21,BuildingA_Floor1,TypeA
1037,2025-04-07 15:01:19,34.1,50.47,BuildingB_Floor2,TypeB
1054,2025-04-07 12:18:40,29.81,60.32,BuildingB_Floor2,TypeC
1045,2025-04-11 13:10:09,16.56,62.27,BuildingA_Floor2,TypeA
1027,2025-04-10 15:14:09,17.26,56.76,BuildingB_Floor1,TypeC
1078,2025-04-08 20:35:35,21.26,41.81,BuildingB_Floor2,TypeA
1063,2025-04-10 20:03:06,30.38,32.5,BuildingB_Floor2,TypeC
1061,2025-04-11 18:54:18,24.04,44.02,BuildingB_Floor2,TypeB
1090,2025-04-08 06:45:35,28.15,38.83,BuildingA_Floor2,TypeC
1068,2025-04-08 16:55:36,27.44,55.25,BuildingA_Floor2,TypeC
1011,2025-04-07 16:24:17,20.47,43.78,BuildingB_Floor2,TypeA
1069,2025-04-09 06:06:02,23.48,42.59,BuildingB_Floor1,TypeA
1080,2025-04-10 09:46:58,33.88,54.6,BuildingA_Floor2,TypeC
1068,2025-04-07 19:50:22,32.33,42.79,BuildingB_Floor2,TypeC
1094,2025-04-07 05:13:11,31.41,52.47,BuildingA_Floor1,TypeB
1083,2025-04-09 13:02:18,20.89,74.8,BuildingA_Floor2,TypeC
1095,2025-04-07 16:11:15,23.59,40.76,BuildingB_Floor2,TypeA
1018,2025-04-08 01:22:06,33.03,57.47,BuildingB_Floor1,TypeA
1056,2025-04-07 03:14:04,21.57,63.93,BuildingB_Floor1,TypeB
1070,2025-04-10 22:08:31,34.95,43.94,BuildingA_Floor1,TypeA
1041,2025-04-10 04:53:26,22.01,38.55,BuildingA_Floor1,TypeA
1050,2025-04-10 13:53:13,22.01,64.3,BuildingA_Floor1,TypeA
1031,2025-04-08 08:24:08,31.43,58.63,BuildingB_Floor2,TypeC
1046,2025-04-09 23:01:21,18.38,31.91,BuildingB_Floor1,TypeA
1033,2025-04-09 11:06:47,17.95,53.02,BuildingA_Floor1,TypeB
1054,2025-04-08 05:19:09,27.35,58.74,BuildingA_Floor1,TypeC
1006,2025-04-08 07:00:17,21.66,79.38,BuildingB_Floor1,TypeB
1030,2025-04-09 03:49:34,33.76,72.35,BuildingA_Floor1,TypeA
1097,2025-04-10 00:55:23,21.2,56.08,BuildingB_Floor2,TypeB
1014,2025-04-08 02:39:13,33.39,43.65,BuildingB_Floor1,TypeB
1070,2025-04-09 17:47:19,15.21,48.52,BuildingA_Floor1,TypeC
1018,2025-04-11 03:55:25,27.22,67.56,BuildingB_Floor2,TypeC
1016,2025-04-10 13:11:34,18.3,49.02,BuildingA_Floor2,TypeC
1083,2025-04-07 14:31:40,18.1,33.33,BuildingB_Floor2,TypeA
1026,2025-04-10 20:11:49,33.99,52.81,BuildingA_Floor2,TypeB
1024,2025-04-11 22:12:32,33.24,65.71,BuildingB_Floor2,TypeC
1051,2025-04-10 16:43:30,27.09,48.33,BuildingA_Floor2,TypeB
1001,2025-04-07 19:46:07,28.99,58.41,BuildingB_Floor1,TypeC
1044,2025-04-11 23:48:44,27.4,68.56,BuildingA_Floor1,TypeC
1073,2025-04-10 06:44:51,17.76,64.11,BuildingA_Floor2,TypeB
1084,2025-04-10 17:47:11,17.6,78.52,BuildingB_Floor2,TypeA
1067,2025-04-12 02:18:22,32.6,71.67,BuildingA_Floor1,TypeC
1039,2025-04-07 16:01:11,31.32,56.8,BuildingB_Floor1,TypeB
1047,2025-04-11 15:18:34,29.7,59.19,BuildingA_Floor1,TypeA
1095,2025-04-10 04:46:15,23.09,68.72,BuildingA_Floor2,TypeC
1055,2025-04-10 12:58:07,22.69,61.94,BuildingB_Floor2,TypeC
1072,2025-04-08 08:12:04,26.87,62.24,BuildingB_Floor2,TypeA
1017,2025-04-10 02:17:23,23.49,31.74,BuildingB_Floor2,TypeC
1031,2025-04-10 16:06:48,29.03,78.87,BuildingA_Floor1,TypeA
1013,2025-04-11 12:23:07,26.81,56.92,BuildingB_Floor1,TypeB
1009,2025-04-07 16:21:37,30.8,67.12,BuildingB_Floor1,TypeC
1055,2025-04-08 17:56:40,23.77,55.89,BuildingA_Floor1,TypeB
1098,2025-04-08 12:36:35,27.42,59.88,BuildingB_Floor2,TypeA
1061,2025-04-11 10:36:50,23.03,66.87,BuildingA_Floor2,TypeA
1053,2025-04-11 19:15:58,31.63,35.48,BuildingA_Floor1,TypeC
1020,2025-04-09 14:15:54,32.01,47.7,BuildingA_Floor1,TypeA
1020,2025-04-08 00:09:40,16.42,56.15,BuildingB_Floor1,TypeB
1039,2025-04-08 12:54:28,24.52,44.97,BuildingB_Floor2,TypeA
1061,2025-04-09 06:13:49,27.82,61.7,BuildingA_Floor2,TypeB
1097,2025-04-08 14:23:17,15.9,59.5,BuildingB_Floor2,TypeC
1040,2025-04-09 19:00:39,19.22,60.11,BuildingA_Floor2,TypeB
1002,2025-04-10 08:08:54,21.67,74.27,BuildingA_Floor1,TypeB
1078,2025-04-08 01:15:37,18.68,32.61,BuildingB_Floor1,TypeB
1082,2025-04-12 01:49:35,15.98,60.35,BuildingB_Floor2,TypeC
1094,2025-04-10 20:00:49,25.24,52.42,BuildingA_Floor2,TypeA
1064,2025-04-08 09:46:29,18.93,64.64,BuildingB_Floor2,TypeB
1018,2025-04-09 08:59:25,19.55,65.48,BuildingB_Floor1,TypeB
1026,2025-04-08 12:43:26,19.07,61.25,BuildingA_Floor2,TypeB
1006,2025-04-08 01:51:59,21.43,70.8,BuildingA_Floor2,TypeC
1031,2025-04-07 03:43:49,24.81,67.3,BuildingB_Floor2,TypeB
1062,2025-04-10 07:56:38,31.65,70.07,BuildingA_Floor2,TypeC
1004,2025-04-11 09:10:48,18.82,44.78,BuildingB_Floor2,TypeA
1023,2025-04-11 19:04:55,25.06,74.12,BuildingB_Floor2,TypeA
1060,2025-04-07 23:14:06,15.87,34.3,BuildingA_Floor2,TypeB
1086,2025-04-11 17:05:37,15.62,37.5,BuildingA_Floor1,TypeA
1003,2025-04-08 15:01:19,30.38,42.86,BuildingA_Floor1,TypeB
1013,2025-04-09 00:41:49,33.62,31.92,BuildingA_Floor2,TypeB
1004,2025-04-10 20:22:25,19.39,38.01,BuildingB_Floor1,TypeA
1067,2025-04-11 01:08:32,33.23,70.64,BuildingA_Floor1,TypeA
1085,2025-04-08 16:56:17,25.77,72.39,BuildingA_Floor2,TypeC
1001,2025-04-07 14:05:45,25.74,66.63,BuildingA_Floor1,TypeB
1067,2025-04-10 10:49:10,21.41,54.54,BuildingA_Floor2,TypeB
1006,2025-04-08 19:29:50,19.97,48.61,BuildingB_Floor2,TypeA
1053,2025-04-12 01:06:07,32.94,46.9,BuildingB_Floor1,TypeC
1065,2025-04-11 07:26:46,21.23,43.31,BuildingB_Floor1,TypeA
1046,2025-04-10 13:18:00,32.66,59.96,BuildingB_Floor1,TypeA
1095,2025-04-10 19:46:49,26.08,62.52,BuildingA_Floor1,TypeC
1045,2025-04-10 06:40:30,26.62,38.33,BuildingB_Floor2,TypeB
1074,2025-04-08 21:08:31,28.89,50.0,BuildingA_Floor1,TypeB
1006,2025-04-07 05:50:18,28.43,67.45,BuildingA_Floor2,TypeC
1047,2025-04-08 13:14:55,28.12,47.91,BuildingA_Floor1,TypeA
1084,2025-04-09 00:18:24,20.02,45.35,BuildingA_Floor1,TypeC
1041,2025-04-08 15:16:44,21.98,36.02,BuildingA_Floor1,TypeB
1077,2025-04-11 23:34:56,19.92,64.38,BuildingA_Floor1,TypeB
1071,2025-04-07 12:55:04,34.05,43.24,BuildingA_Floor1,TypeB
1064,2025-04-07 14:02:59,20.58,52.1,BuildingB_Floor1,TypeB
1042,2025-04-11 00:49:41,23.76,30.61,BuildingB_Floor2,TypeC
1002,2025-04-10 08:55:51,20.89,66.92,BuildingB_Floor2,TypeB
1030,2025-04-09 09:23:06,32.81,76.56,BuildingA_Floor2,TypeC
1056,2025-04-07 06:39:32,24.37,60.58,BuildingB_Floor2,TypeB
1014,2025-04-08 21:29:04,26.08,52.95,BuildingB_Floor2,TypeC
1086,2025-04-09 02:04:41,27.05,46.56,BuildingB_Floor1,TypeB
1021,2025-04-07 10:01:15,22.0,35.97,BuildingA_Floor2,TypeC
1014,2025-04-08 14:37:22,18.33,69.62,BuildingA_Floor2,TypeC
1032,2025-04-07 04:54:51,17.45,51.16,BuildingB_Floor2,TypeC
1005,2025-04-11 11:32:49,16.42,37.4,BuildingB_Floor2,TypeC
1010,2025-04-11 19:55:22,24.37,72.35,BuildingB_Floor2,TypeB
1055,2025-04-08 22:09:56,17.4,30.75,BuildingA_Floor1,TypeA
1076,2025-04-09 08:41:58,23.64,51.73,BuildingB_Floor2,TypeA
1029,2025-04-11 08:33:31,34.43,66.84,BuildingB_Floor2,TypeA
1046,2025-04-09 01:58:22,28.13,44.26,BuildingB_Floor1,TypeB
1075,2025-04-11 09:13:38,22.51,54.95,BuildingB_Floor2,TypeA
1093,2025-04-09 17:51:45,33.7,75.92,BuildingA_Floor1,TypeA
1098,2025-04-08 04:56:04,28.31,39.17,BuildingA_Floor2,TypeA
1014,2025-04-09 18:55:28,30.54,48.88,BuildingA_Floor2,TypeA
1095,2025-04-07 11:04:05,34.7,71.23,BuildingB_Floor2,TypeA
1002,2025-04-09 01:39:40,28.28,53.3,BuildingA_Floor1,TypeA
1013,2025-04-08 22:34:32,23.42,48.51,BuildingB_Floor2,TypeB
1042,2025-04-10 02:21:23,16.23,79.58,BuildingA_Floor2,TypeC
1018,2025-04-09 17:16:45,29.71,73.93,BuildingB_Floor2,TypeC
1064,2025-04-07 15:46:04,33.55,71.78,BuildingB_Floor1,TypeB
1047,2025-04-09 18:54:58,30.21,66.44,BuildingA_Floor1,TypeA
1000,2025-04-10 18:59:29,27.9,56.63,BuildingB_Floor1,TypeC
1057,2025-04-09 03:31:35,29.87,73.53,BuildingB_Floor1,TypeB
1062,2025-04-08 05:27:46,22.95,34.6,BuildingA_Floor2,TypeB
1016,2025-04-08 14:28:26,33.26,76.47,BuildingA_Floor2,TypeA
1003,2025-04-12 03:04:48,31.47,61.1,BuildingB_Floor1,TypeB
1071,2025-04-10 18:56:09,27.02,41.22,BuildingA_Floor1,TypeA
1058,2025-04-08 02:06:12,29.33,57.69,BuildingB_Floor1,TypeC
1028,2025-04-10 07:20:27,28.07,76.78,BuildingB_Floor1,TypeC
1074,2025-04-10 12:28:45,33.48,42.31,BuildingA_Floor1,TypeB
1064,2025-04-10 15:05:09,21.79,50.59,BuildingB_Floor2,TypeB
1071,2025-04-10 21:55:38,30.22,69.96,BuildingA_Floor2,TypeC
1050,2025-04-10 11:37:11,27.16,65.49,BuildingB_Floor2,TypeC
1086,2025-04-11 00:16:06,26.06,54.16,BuildingA_Floor2,TypeA
1060,2025-04-11 01:00:43,18.33,66.93,BuildingB_Floor1,TypeC
1096,2025-04-08 23:53:26,15.64,42.08,BuildingA_Floor2,TypeA
1090,2025-04-10 16:50:03,15.9,34.74,BuildingA_Floor2,TypeB
1079,2025-04-09 05:24:59,24.36,42.28,BuildingB_Floor2,TypeB
1002,2025-04-07 14:02:52,21.5,78.64,BuildingB_Floor2,TypeC
1040,2025-04-07 19:53:24,27.52,76.28,BuildingA_Floor1,TypeB
1029,2025-04-11 21:36:33,19.04,57.25,BuildingB_Floor1,TypeC
1079,2025-04-07 15:24:32,15.01,71.81,BuildingA_Floor1,TypeC
1071,2025-04-09 18:28:55,19.28,60.3,BuildingA_Floor1,TypeB
1007,2025-04-07 09:08:30,22.57,46.74,BuildingB_Floor1,TypeC
1046,2025-04-08 17:01:04,23.34,77.44,BuildingA_Floor1,TypeC
1055,2025-04-11 00:30:55,19.25,68.57,BuildingB_Floor2,TypeB
1041,2025-04-09 03:44:04,31.64,61.27,BuildingB_Floor1,TypeA
1064,2025-04-08 08:57:43,20.23,47.5,BuildingA_Floor2,TypeB
1066,2025-04-08 16:35:57,22.12,53.23,BuildingB_Floor2,TypeB
1090,2025-04-09 03:06:03,24.57,58.46,BuildingB_Floor2,TypeA
1055,2025-04-07 23:46:32,25.04,46.33,BuildingA_Floor1,TypeA
1075,2025-04-08 19:42:11,26.89,63.01,BuildingB_Floor2,TypeA
1092,2025-04-10 18:00:39,32.42,72.18,BuildingB_Floor2,TypeB
1045,2025-04-10 03:19:55,31.12,49.52,BuildingA_Floor1,TypeA
1003,2025-04-08 15:42:10,24.4,41.92,BuildingA_Floor1,TypeA
1017,2025-04-10 18:58:36,31.78,65.43,BuildingB_Floor2,TypeA
1003,2025-04-11 12:20:45,23.66,39.99,BuildingB_Floor1,TypeB
1043,2025-04-11 03:59:53,26.86,62.85,BuildingA_Floor1,TypeB
1083,2025-04-08 16:08:26,19.55,50.31,BuildingA_Floor2,TypeC
1059,2025-04-11 18:24:25,26.66,79.67,BuildingB_Floor1,TypeB
1084,2025-04-09 01:29:36,29.44,77.93,BuildingA_Floor2,TypeC
1054,2025-04-10 21:17:45,23.75,40.42,BuildingB_Floor1,TypeA
1001,2025-04-08 23:16:53,26.24,74.15,BuildingA_Floor2,TypeB
1096,2025-04-11 06:01:24,20.55,56.37,BuildingB_Floor2,TypeB
1021,2025-04-10 14:11:12,17.71,47.84,BuildingB_Floor1,TypeB
1006,2025-04-08 20:54:40,23.47,50.38,BuildingA_Floor2,TypeC
1068,2025-04-10 00:43:45,22.69,44.38,BuildingA_Floor2,TypeC
1053,2025-04-09 14:19:26,30.39,45.61,BuildingB_Floor1,TypeA
1068,2025-04-08 07:07:53,27.03,43.85,BuildingB_Floor2,TypeC
1045,2025-04-09 03:56:21,16.55,36.79,BuildingB_Floor1,TypeA
1000,2025-04-07 13:12:27,21.27,41.5,BuildingB_Floor1,TypeC
1092,2025-04-09 18:08:36,15.69,38.15,BuildingB_Floor1,TypeA
1045,2025-04-07 23:48:45,25.17,47.36,BuildingB_Floor2,TypeC
1006,2025-04-09 11:07:17,29.66,42.35,BuildingA_Floor1,TypeC
1049,2025-04-09 18:14:50,17.32,36.15,BuildingB_Floor1,TypeB
1067,2025-04-08 20:59:28,18.68,72.56,BuildingB_Floor2,TypeB
1041,2025-04-11 03:00:58,22.25,41.43,BuildingB_Floor1,TypeC
1019,2025-04-08 07:34:35,32.02,67.48,BuildingA_Floor1,TypeB
1045,2025-04-11 17:19:01,18.07,35.6,BuildingA_Floor2,TypeA
1092,2025-04-10 20:12:54,16.12,46.44,BuildingA_Floor2,TypeC
1092,2025-04-11 16:00:56,32.97,58.26,BuildingA_Floor2,TypeC
1053,2025-04-11 13:06:37,31.96,72.44,BuildingB_Floor1,TypeA
1074,2025-04-09 18:31:53,33.64,73.99,BuildingB_Floor1,TypeC
1005,2025-04-09 15:47:42,31.67,73.87,BuildingB_Floor1,TypeB
1060,2025-04-10 08:25:47,28.62,41.34,BuildingB_Floor1,TypeC
1084,2025-04-09 01:13:59,34.6,49.84,BuildingB_Floor1,TypeA
1072,2025-04-11 16:23:06,19.03,61.51,BuildingA_Floor2,TypeA
1039,2025-04-07 04:18:16,33.31,54.12,BuildingB_Floor2,TypeB
1023,2025-04-08 22:14:11,20.39,72.39,BuildingB_Floor1,TypeA
1015,2025-04-07 06:29:05,21.88,57.95,BuildingB_Floor2,TypeC
1016,2025-04-10 16:03:02,16.57,70.64,BuildingB_Floor1,TypeC
1073,2025-04-10 02:33:29,18.83,59.91,BuildingB_Floor2,TypeC
1097,2025-04-08 02:21:31,30.5,59.43,BuildingA_Floor2,TypeC
1036,2025-04-10 02:36:57,16.65,36.73,BuildingB_Floor1,TypeC
1052,2025-04-09 15:22:45,20.61,71.45,BuildingA_Floor2,TypeA
1031,2025-04-10 23:41:21,19.89,62.76,BuildingB_Floor1,TypeB
1090,2025-04-09 19:39:18,32.19,39.65,BuildingA_Floor2,TypeB
1029,2025-04-11 20:59:50,23.65,49.43,BuildingB_Floor1,TypeA
1027,2025-04-09 10:05:02,27.8,33.03,BuildingA_Floor1,TypeB
1043,2025-04-09 12:26:44,21.72,34.39,BuildingB_Floor2,TypeC
1014,2025-04-10 14:08:53,34.38,72.7,BuildingB_Floor2,TypeA
1059,2025-04-08 11:08:28,15.75,33.4,BuildingA_Floor1,TypeC
1083,2025-04-07 10:57:02,20.23,55.74,BuildingB_Floor2,TypeC
1062,2025-04-09 20:11:43,19.14,76.85,BuildingB_Floor2,TypeB
1014,2025-04-09 19:02:42,28.99,57.29,BuildingA_Floor2,TypeB
1042,2025-04-11 10:06:54,26.6,54.22,BuildingB_Floor2,TypeC
1014,2025-04-08 06:04:36,31.67,52.6,BuildingA_Floor2,TypeC
1085,2025-04-08 03:21:25,34.1,76.59,BuildingA_Floor1,TypeC
1054,2025-04-08 00:48:02,18.82,43.24,BuildingA_Floor1,TypeC
1015,2025-04-09 22:26:24,20.42,67.72,BuildingB_Floor1,TypeB
1065,2025-04-07 17:28:23,28.55,68.99,BuildingA_Floor1,TypeB
1092,2025-04-08 23:13:23,28.27,73.09,BuildingB_Floor2,TypeC
1039,2025-04-11 19:05:38,15.58,50.98,BuildingA_Floor1,TypeC
1017,2025-04-08 02:39:26,32.96,35.12,BuildingB_Floor2,TypeB
1060,2025-04-08 22:18:39,24.12,56.4,BuildingB_Floor1,TypeB
1017,2025-04-09 05:44:47,18.61,71.58,BuildingA_Floor2,TypeA
1016,2025-04-12 02:28:43,20.2,50.28,BuildingA_Floor2,TypeC
1011,2025-04-07 08:38:17,24.43,61.84,BuildingA_Floor1,TypeA
1000,2025-04-10 07:08:37,23.83,65.52,BuildingB_Floor2,TypeB
1040,2025-04-07 22:08:07,34.34,51.02,BuildingA_Floor2,TypeA
1035,2025-04-08 23:07:49,21.85,54.6,BuildingA_Floor2,TypeB
1028,2025-04-09 23:04:32,28.43,77.87,BuildingB_Floor2,TypeA
1017,2025-04-07 08:15:50,31.27,34.1,BuildingA_Floor1,TypeB
1000,2025-04-07 12:17:01,15.41,35.6,BuildingB_Floor1,TypeA
1025,2025-04-07 12:34:54,15.91,39.15,BuildingA_Floor1,TypeC
1006,2025-04-10 21:56:16,28.41,72.69,BuildingA_Floor1,TypeC
1033,2025-04-08 14:28:22,23.57,43.07,BuildingB_Floor1,TypeA
1037,2025-04-07 09:16:12,15.77,55.79,BuildingB_Floor2,TypeA
1067,2025-04-09 02:31:34,16.08,30.14,BuildingB_Floor2,TypeC
1098,2025-04-11 23:46:08,24.0,79.36,BuildingB_Floor2,TypeC
1099,2025-04-07 04:30:51,17.17,69.82,BuildingA_Floor1,TypeB
1043,2025-04-11 11:37:12,18.09,43.77,BuildingB_Floor1,TypeA
1033,2025-04-07 22:12:57,32.77,40.15,BuildingB_Floor2,TypeA
1014,2025-04-11 05:38:05,28.93,53.05,BuildingA_Floor2,TypeC
1019,2025-04-08 07:33:17,26.06,31.43,BuildingA_Floor2,TypeB
1089,2025-04-09 01:12:16,21.99,79.08,BuildingB_Floor2,TypeC
1002,2025-04-08 23:58:33,25.4,59.42,BuildingA_Floor1,TypeC
1100,2025-04-07 10:22:45,16.99,45.24,BuildingB_Floor2,TypeA
1058,2025-04-07 14:44:51,26.92,32.12,BuildingB_Floor2,TypeC
1017,2025-04-10 12:53:31,18.58,44.55,BuildingA_Floor1,TypeA
1006,2025-04-08 13:21:07,31.84,30.35,BuildingB_Floor2,TypeB
1052,2025-04-10 10:42:09,19.85,50.82,BuildingB_Floor1,TypeB
1057,2025-04-11 20:31:49,29.44,50.98,BuildingB_Floor2,TypeB
1100,2025-04-11 05:58:11,33.74,30.39,BuildingA_Floor2,TypeA
1072,2025-04-09 22:38:24,19.44,46.52,BuildingA_Floor1,TypeA
1095,2025-04-09 07:43:31,29.51,50.87,BuildingB_Floor2,TypeB
1063,2025-04-10 17:22:50,16.05,45.73,BuildingA_Floor2,TypeA
1032,2025-04-08 18:10:57,32.59,50.02,BuildingA_Floor1,TypeC
1084,2025-04-11 06:07:24,28.83,50.02,BuildingA_Floor1,TypeA
1084,2025-04-09 04:18:51,23.82,42.1,BuildingB_Floor2,TypeC
1082,2025-04-11 04:57:41,30.26,42.51,BuildingB_Floor1,TypeC
1085,2025-04-08 23:39:39,25.74,37.1,BuildingA_Floor2,TypeB
1089,2025-04-12 00:44:36,30.01,41.25,BuildingA_Floor1,TypeB
1044,2025-04-10 18:07:01,15.04,66.29,BuildingA_Floor1,TypeA
1049,2025-04-11 07:28:45,18.08,43.04,BuildingA_Floor2,TypeC
1011,2025-04-08 14:24:49,33.03,69.31,BuildingB_Floor2,TypeB
1019,2025-04-07 13:25:03,32.91,76.45,BuildingA_Floor2,TypeA
1085,2025-04-10 15:24:18,22.52,51.23,BuildingA_Floor1,TypeB
1035,2025-04-07 12:30:31,16.32,45.56,BuildingA_Floor1,TypeC
1041,2025-04-11 15:41:29,29.0,77.58,BuildingB_Floor1,TypeA
1071,2025-04-08 21:28:45,34.7,42.67,BuildingA_Floor2,TypeC
1098,2025-04-08 20:45:51,20.03,79.74,BuildingB_Floor1,TypeC
1048,2025-04-08 09:19:24,16.64,56.66,BuildingA_Floor2,TypeB
1018,2025-04-10 04:35:30,31.95,79.66,BuildingB_Floor2,TypeC
1059,2025-04-07 22:00:25,30.04,60.28,BuildingB_Floor2,TypeB
1074,2025-04-08 23:13:11,27.95,58.02,BuildingB_Floor1,TypeC
1009,2025-04-08 03:07:57,21.34,35.5,BuildingA_Floor1,TypeB
1036,2025-04-10 11:23:32,27.69,32.09,BuildingB_Floor2,TypeA
1058,2025-04-07 20:37:30,25.25,65.45,BuildingB_Floor1,TypeB
1065,2025-04-11 11:31:37,16.79,30.95,BuildingA_Floor1,TypeB
1036,2025-04-11 06:37:21,18.29,68.79,BuildingB_Floor1,TypeB
1099,2025-04-07 09:05:04,18.77,65.3,BuildingA_Floor1,TypeC
1018,2025-04-08 23:33:33,17.16,36.25,BuildingA_Floor1,TypeA
1060,2025-04-08 23:40:13,32.58,65.37,BuildingB_Floor2,TypeB
1091,2025-04-10 00:19:41,32.1,69.78,BuildingA_Floor2,TypeA
1083,2025-04-10 18:24:24,19.34,49.38,BuildingA_Floor1,TypeC
1006,2025-04-08 13:44:03,28.21,59.79,BuildingB_Floor1,TypeA
1003,2025-04-07 10:17:56,22.02,36.42,BuildingA_Floor1,TypeB
1060,2025-04-09 02:59:59,19.36,31.0,BuildingA_Floor1,TypeB
1054,2025-04-08 06:41:33,24.58,42.96,BuildingB_Floor1,TypeC
1012,2025-04-11 23:17:13,15.54,66.74,BuildingA_Floor2,TypeC
1090,2025-04-07 15:32:52,29.1,67.52,BuildingA_Floor1,TypeA
1045,2025-04-08 06:35:59,20.72,45.35,BuildingA_Floor1,TypeC
1051,2025-04-07 21:26:53,19.74,52.59,BuildingA_Floor2,TypeA
1096,2025-04-09 12:42:09,31.45,33.1,BuildingB_Floor2,TypeC
1090,2025-04-07 21:58:11,29.23,66.71,BuildingB_Floor2,TypeB
1078,2025-04-08 09:07:29,17.96,51.34,BuildingB_Floor1,TypeC
1093,2025-04-09 12:17:18,19.89,64.32,BuildingB_Floor1,TypeB
1071,2025-04-11 23:50:12,27.86,34.83,BuildingA_Floor2,TypeC
1077,2025-04-11 18:29:16,33.83,41.94,BuildingB_Floor2,TypeB
1053,2025-04-10 21:17:48,23.92,77.73,BuildingB_Floor2,TypeC
1050,2025-04-08 03:39:52,24.16,45.51,BuildingA_Floor1,TypeA
1100,2025-04-10 04:15:04,18.98,36.29,BuildingA_Floor2,TypeB
1025,2025-04-10 21:25:33,25.22,32.04,BuildingB_Floor1,TypeB
1028,2025-04-07 11:28:21,24.93,30.92,BuildingA_Floor2,TypeB
1085,2025-04-10 10:13:54,33.92,43.25,BuildingA_Floor1,TypeB
1048,2025-04-09 14:45:02,20.23,58.83,BuildingB_Floor2,TypeB
1019,2025-04-07 16:05:18,22.46,78.29,BuildingA_Floor1,TypeA
1100,2025-04-07 14:05:43,30.96,50.49,BuildingA_Floor2,TypeC
1088,2025-04-10 22:11:42,16.73,56.97,BuildingB_Floor1,TypeB
1013,2025-04-07 13:27:23,29.91,66.48,BuildingB_Floor1,TypeC
1012,2025-04-11 07:30:30,15.93,38.45,BuildingB_Floor2,TypeA
1015,2025-04-08 15:06:52,30.19,76.68,BuildingA_Floor1,TypeA
1044,2025-04-10 07:48:02,28.35,73.26,BuildingB_Floor1,TypeB
1065,2025-04-08 10:33:26,26.91,74.13,BuildingB_Floor2,TypeC
1000,2025-04-08 20:36:07,18.34,39.01,BuildingA_Floor1,TypeC
1001,2025-04-10 22:58:28,18.48,57.0,BuildingB_Floor1,TypeC
1097,2025-04-09 17:22:46,28.61,39.67,BuildingB_Floor1,TypeA
1098,2025-04-11 03:31:39,30.79,41.89,BuildingB_Floor1,TypeB
1046,2025-04-11 03:59:28,32.43,55.96,BuildingA_Floor1,TypeC
1001,2025-04-08 06:08:51,17.12,48.24,BuildingA_Floor1,TypeB
1053,2025-04-09 15:20:18,25.48,49.15,BuildingA_Floor2,TypeC
1013,2025-04-08 13:34:35,32.72,59.63,BuildingB_Floor2,TypeB
1012,2025-04-09 13:16:19,30.32,75.26,BuildingA_Floor2,TypeC
1016,2025-04-08 10:57:03,19.36,42.15,BuildingB_Floor2,TypeC
1050,2025-04-11 00:14:12,27.73,54.63,BuildingA_Floor2,TypeB
1029,2025-04-09 19:17:58,28.81,37.49,BuildingA_Floor1,TypeC
1051,2025-04-07 21:26:03,25.97,58.2,BuildingB_Floor2,TypeB
1065,2025-04-09 23:43:25,25.01,48.78,BuildingB_Floor2,TypeB
1028,2025-04-08 23:26:36,15.96,50.84,BuildingB_Floor2,TypeC
1006,2025-04-10 20:18:53,31.91,51.61,BuildingA_Floor2,TypeC
1033,2025-04-07 14:13:59,27.77,40.45,BuildingB_Floor1,TypeB
1013,2025-04-10 08:35:04,27.08,34.62,BuildingB_Floor2,TypeA
1090,2025-04-09 21:22:45,20.81,42.88,BuildingA_Floor1,TypeA
1054,2025-04-08 08:31:55,30.74,78.83,BuildingA_Floor2,TypeC
1097,2025-04-07 16:16:05,20.56,66.85,BuildingA_Floor2,TypeC
1078,2025-04-09 02:42:42,21.23,46.78,BuildingA_Floor2,TypeC
1008,2025-04-08 22:19:13,25.21,36.44,BuildingA_Floor2,TypeC
1067,2025-04-08 08:07:03,26.06,74.73,BuildingB_Floor2,TypeC
1012,2025-04-10 09:18:16,16.22,37.84,BuildingA_Floor1,TypeB
1036,2025-04-08 05:19:02,19.23,39.73,BuildingB_Floor2,TypeB
1091,2025-04-11 16:46:49,20.3,54.35,BuildingA_Floor2,TypeB
1100,2025-04-09 03:47:16,28.01,37.09,BuildingB_Floor2,TypeB
1068,2025-04-07 10:12:55,27.25,42.37,BuildingB_Floor2,TypeB
1002,2025-04-10 12:31:54,25.2,42.0,BuildingA_Floor1,TypeB
1040,2025-04-10 10:51:56,30.64,39.07,BuildingA_Floor2,TypeB
1030,2025-04-08 12:32:08,21.78,75.62,BuildingA_Floor1,TypeB
1008,2025-04-10 14:11:37,19.02,71.18,BuildingB_Floor2,TypeA
1055,2025-04-10 19:33:40,21.18,49.32,BuildingB_Floor1,TypeA
1068,2025-04-11 00:11:50,21.84,49.69,BuildingA_Floor2,TypeC
1039,2025-04-10 00:19:15,15.08,40.62,BuildingA_Floor2,TypeB
1046,2025-04-07 07:58:13,33.14,76.43,BuildingB_Floor2,TypeA
1081,2025-04-11 05:50:13,24.87,60.03,BuildingA_Floor2,TypeB
1054,2025-04-07 23:02:34,33.78,55.48,BuildingA_Floor2,TypeA
1076,2025-04-09 02:51:10,26.77,64.27,BuildingB_Floor1,TypeB
1070,2025-04-09 12:49:32,33.37,64.45,BuildingA_Floor1,TypeA
1077,2025-04-08 06:02:35,18.22,53.6,BuildingA_Floor2,TypeC
1043,2025-04-09 02:07:22,26.03,71.81,BuildingA_Floor1,TypeB
1050,2025-04-09 13:30:50,28.73,38.44,BuildingA_Floor2,TypeC
1036,2025-04-11 00:30:03,22.38,70.08,BuildingB_Floor2,TypeB
1046,2025-04-10 12:04:20,18.96,54.35,BuildingB_Floor2,TypeB
1084,2025-04-08 06:30:48,27.18,46.34,BuildingA_Floor1,TypeA
1037,2025-04-07 18:25:51,15.65,61.09,BuildingA_Floor1,TypeA
1010,2025-04-09 07:18:54,17.33,35.59,BuildingA_Floor2,TypeB
1065,2025-04-10 02:50:38,30.87,69.24,BuildingA_Floor1,TypeA
1100,2025-04-10 23:33:53,30.33,46.1,BuildingB_Floor2,TypeB
1012,2025-04-09 19:19:10,20.16,61.46,BuildingB_Floor2,TypeA
1009,2025-04-08 11:55:08,28.13,68.24,BuildingA_Floor1,TypeA
1041,2025-04-07 22:59:19,24.72,34.86,BuildingB_Floor1,TypeB
1000,2025-04-10 00:19:10,18.52,76.01,BuildingA_Floor1,TypeC
1084,2025-04-10 13:10:17,29.36,71.96,BuildingA_Floor2,TypeB
1010,2025-04-08 11:02:21,23.5,74.69,BuildingB_Floor1,TypeA
1002,2025-04-07 14:36:26,32.24,33.52,BuildingA_Floor2,TypeA
1054,2025-04-07 19:46:27,32.35,39.91,BuildingA_Floor2,TypeA
1041,2025-04-11 04:57:02,17.32,56.86,BuildingB_Floor1,TypeB
1029,2025-04-09 22:47:18,18.61,75.36,BuildingA_Floor1,TypeB
1026,2025-04-07 17:53:05,23.27,35.29,BuildingB_Floor1,TypeA
1018,2025-04-10 09:05:50,33.45,75.75,BuildingA_Floor1,TypeA
1017,2025-04-09 23:40:27,17.25,70.6,BuildingA_Floor1,TypeC
1039,2025-04-09 00:52:58,32.79,40.14,BuildingB_Floor2,TypeC
1091,2025-04-10 14:23:19,30.99,43.31,BuildingA_Floor1,TypeB
1086,2025-04-10 08:18:55,22.93,47.36,BuildingB_Floor2,TypeA
1086,2025-04-11 01:15:12,24.59,38.95,BuildingB_Floor2,TypeC
1062,2025-04-09 01:50:10,34.9,65.04,BuildingB_Floor2,TypeB
1011,2025-04-09 21:03:24,17.9,72.58,BuildingA_Floor1,TypeB
1040,2025-04-10 14:48:34,16.31,37.66,BuildingA_Floor1,TypeB
1058,2025-04-10 23:00:00,22.05,65.05,BuildingA_Floor2,TypeA
1072,2025-04-09 13:59:29,19.36,54.0,BuildingB_Floor1,TypeA
1081,2025-04-09 05:47:57,24.83,56.07,BuildingA_Floor1,TypeA
1095,2025-04-09 00:03:48,30.23,31.1,BuildingB_Floor2,TypeB
1027,2025-04-07 12:32:42,16.5,73.05,BuildingA_Floor1,TypeC
1044,2025-04-10 20:41:08,33.57,46.5,BuildingB_Floor1,TypeB
1025,2025-04-08 20:04:57,20.01,72.09,BuildingB_Floor2,TypeB
1084,2025-04-07 07:05:25,22.05,62.94,BuildingA_Floor1,TypeA
1072,2025-04-10 03:52:08,16.21,59.51,BuildingA_Floor1,TypeB
1000,2025-04-09 17:46:46,16.42,52.69,BuildingA_Floor2,TypeC
1081,2025-04-09 23:31:59,22.03,38.57,BuildingB_Floor1,TypeB
1086,2025-04-08 10:22:32,30.14,58.8,BuildingA_Floor2,TypeA
1009,2025-04-11 20:49:12,31.82,37.82,BuildingA_Floor2,TypeB
1022,2025-04-08 22:54:02,23.72,37.29,BuildingB_Floor2,TypeB
1084,2025-04-08 07:09:40,24.66,59.74,BuildingB_Floor2,TypeB
1061,2025-04-11 22:19:48,33.27,77.44,BuildingB_Floor1,TypeA
1086,2025-04-11 10:13:27,22.24,68.7,BuildingA_Floor2,TypeA
1060,2025-04-11 13:54:46,22.23,36.86,BuildingB_Floor2,TypeC
1066,2025-04-09 07:49:29,23.86,30.4,BuildingB_Floor1,TypeC
1018,2025-04-07 19:41:28,31.26,46.74,BuildingB_Floor2,TypeB
1099,2025-04-08 14:27:04,33.44,36.06,BuildingB_Floor2,TypeB
1090,2025-04-10 21:18:09,30.99,64.31,BuildingB_Floor2,TypeC
1063,2025-04-11 03:24:16,33.05,61.47,BuildingA_Floor1,TypeC
1076,2025-04-08 10:10:47,20.55,57.88,BuildingA_Floor1,TypeB
1082,2025-04-11 22:50:47,18.75,72.91,BuildingA_Floor2,TypeB
1070,2025-04-11 11:27:22,21.12,71.34,BuildingA_Floor2,TypeC
1085,2025-04-09 10:00:59,22.05,50.69,BuildingA_Floor2,TypeB
1084,2025-04-07 13:34:27,19.82,53.72,BuildingA_Floor2,TypeB
1028,2025-04-10 10:07:23,17.92,59.13,BuildingB_Floor2,TypeC
1035,2025-04-09 02:11:36,23.97,78.64,BuildingA_Floor1,TypeB
1030,2025-04-09 16:00:25,24.16,68.88,BuildingB_Floor1,TypeA
1087,2025-04-11 03:24:02,15.24,78.1,BuildingB_Floor1,TypeC
1050,2025-04-11 08:32:27,27.26,36.11,BuildingB_Floor2,TypeB
1009,2025-04-08 14:16:55,20.42,65.67,BuildingB_Floor1,TypeC
1084,2025-04-07 23:03:48,16.63,56.33,BuildingB_Floor1,TypeA
1027,2025-04-08 16:53:13,20.38,64.03,BuildingA_Floor2,TypeC
1100,2025-04-08 04:21:51,28.68,50.49,BuildingA_Floor1,TypeC
1062,2025-04-09 05:42:00,32.77,30.95,BuildingA_Floor2,TypeB
1018,2025-04-09 10:30:40,27.43,46.78,BuildingB_Floor1,TypeA
1100,2025-04-10 00:08:43,16.95,42.09,BuildingA_Floor1,TypeB
1020,2025-04-10 15:06:41,15.46,34.18,BuildingB_Floor2,TypeB
1073,2025-04-07 14:13:48,34.57,57.93,BuildingA_Floor2,TypeB
1030,2025-04-10 07:23:48,26.79,61.67,BuildingB_Floor1,TypeC
1085,2025-04-11 11:21:30,21.56,53.59,BuildingB_Floor2,TypeA
1065,2025-04-11 22:35:32,32.34,60.94,BuildingB_Floor1,TypeB
1054,2025-04-07 12:36:22,30.35,59.02,BuildingB_Floor1,TypeA
1066,2025-04-08 16:49:14,27.34,44.33,BuildingA_Floor1,TypeA
1003,2025-04-07 05:56:09,26.15,78.22,BuildingA_Floor2,TypeB
1082,2025-04-10 14:55:17,29.02,62.4,BuildingB_Floor1,TypeA
1074,2025-04-07 06:58:05,23.05,41.07,BuildingA_Floor1,TypeA
1005,2025-04-10 04:39:28,19.34,69.91,BuildingA_Floor1,TypeC
1089,2025-04-07 21:55:17,24.38,37.69,BuildingA_Floor1,TypeA
1026,2025-04-09 01:17:02,18.21,66.13,BuildingA_Floor2,TypeC
1090,2025-04-11 04:42:00,21.66,32.32,BuildingB_Floor1,TypeA
1076,2025-04-08 21:12:16,26.79,78.32,BuildingB_Floor2,TypeB
1043,2025-04-07 13:43:07,26.54,48.12,BuildingB_Floor1,TypeC
1094,2025-04-11 08:39:13,26.54,58.04,BuildingB_Floor1,TypeC
1042,2025-04-07 04:46:54,26.45,54.97,BuildingB_Floor1,TypeC
1085,2025-04-09 23:32:46,24.64,72.94,BuildingA_Floor1,TypeC
1026,2025-04-09 01:01:04,16.13,53.43,BuildingB_Floor1,TypeB
1094,2025-04-11 10:54:23,30.49,51.54,BuildingA_Floor2,TypeB
1042,2025-04-11 11:34:42,28.89,30.14,BuildingB_Floor2,TypeA
1061,2025-04-07 06:22:34,20.68,57.06,BuildingA_Floor1,TypeC
1064,2025-04-11 23:25:44,26.34,37.73,BuildingB_Floor2,TypeC
1007,2025-04-11 16:01:21,17.09,31.57,BuildingA_Floor1,TypeB
1047,2025-04-09 18:18:25,30.51,46.62,BuildingB_Floor1,TypeA
1036,2025-04-07 06:21:28,28.52,67.32,BuildingA_Floor1,TypeC
1040,2025-04-08 13:51:54,21.56,40.23,BuildingB_Floor1,TypeB
1018,2025-04-07 09:40:50,28.49,34.51,BuildingA_Floor2,TypeB
1067,2025-04-09 07:08:45,19.39,44.06,BuildingB_Floor1,TypeC
1095,2025-04-08 05:23:54,30.8,54.97,BuildingB_Floor2,TypeC
1064,2025-04-11 11:16:26,34.6,35.6,BuildingA_Floor2,TypeC
1013,2025-04-11 10:44:18,23.19,68.5,BuildingB_Floor2,TypeB
1011,2025-04-12 01:00:52,29.08,73.9,BuildingB_Floor2,TypeC
1028,2025-04-09 14:44:07,18.4,60.34,BuildingB_Floor2,TypeC
1010,2025-04-07 11:14:47,23.78,54.95,BuildingA_Floor2,TypeC
1030,2025-04-10 20:48:41,31.31,68.99,BuildingA_Floor1,TypeA
1034,2025-04-10 04:40:38,17.11,36.6,BuildingA_Floor2,TypeA
1036,2025-04-09 01:08:28,24.04,47.98,BuildingA_Floor2,TypeC
1076,2025-04-10 14:47:28,27.78,58.49,BuildingB_Floor1,TypeA
1011,2025-04-10 21:26:19,21.32,47.75,BuildingB_Floor1,TypeC
1028,2025-04-09 02:39:26,34.31,73.17,BuildingA_Floor1,TypeA
1007,2025-04-10 00:50:17,18.78,57.83,BuildingA_Floor1,TypeA
1032,2025-04-07 04:05:20,21.67,40.28,BuildingA_Floor1,TypeC
1022,2025-04-10 20:20:08,33.64,36.96,BuildingA_Floor1,TypeA
1010,2025-04-08 17:29:47,17.24,35.43,BuildingA_Floor1,TypeB
1052,2025-04-11 03:56:35,23.45,45.33,BuildingB_Floor2,TypeC
1033,2025-04-07 15:24:56,23.38,79.18,BuildingB_Floor1,TypeA
1002,2025-04-09 08:19:15,31.6,60.03,BuildingB_Floor1,TypeC
1015,2025-04-08 07:18:03,32.57,64.52,BuildingB_Floor1,TypeC
1049,2025-04-08 03:17:34,33.47,52.29,BuildingA_Floor2,TypeB
1048,2025-04-08 03:42:52,28.5,57.35,BuildingB_Floor1,TypeB
1041,2025-04-07 08:33:44,18.72,50.82,BuildingB_Floor1,TypeA
1012,2025-04-08 01:31:22,31.82,35.43,BuildingA_Floor1,TypeA
1091,2025-04-10 07:18:12,29.38,71.87,BuildingA_Floor2,TypeA
1096,2025-04-08 01:05:24,21.4,33.88,BuildingA_Floor2,TypeB
1093,2025-04-11 18:18:13,23.09,77.7,BuildingB_Floor1,TypeB
1037,2025-04-11 01:21:05,26.62,31.41,BuildingB_Floor1,TypeA
1089,2025-04-07 19:50:12,26.99,32.45,BuildingB_Floor2,TypeA
1087,2025-04-09 20:56:05,33.75,57.95,BuildingB_Floor2,TypeA
1006,2025-04-10 05:25:54,32.13,68.65,BuildingB_Floor1,TypeA
1001,2025-04-08 23:42:50,15.18,68.68,BuildingB_Floor2,TypeA
1086,2025-04-07 19:43:26,17.4,79.3,BuildingB_Floor1,TypeB
1011,2025-04-07 08:06:36,21.44,79.58,BuildingA_Floor1,TypeB
1099,2025-04-08 12:04:04,20.15,62.48,BuildingB_Floor1,TypeC
1076,2025-04-07 19:50:48,20.18,62.97,BuildingB_Floor1,TypeA
1057,2025-04-11 10:48:12,19.82,47.56,BuildingA_Floor1,TypeB
1088,2025-04-08 22:30:52,31.73,38.17,BuildingB_Floor1,TypeB
1039,2025-04-09 00:27:03,24.53,53.61,BuildingB_Floor1,TypeA
1048,2025-04-10 09:26:58,32.78,76.62,BuildingA_Floor1,TypeC
1045,2025-04-09 23:54:28,22.67,67.98,BuildingB_Floor1,TypeB
1003,2025-04-09 03:03:18,27.63,30.89,BuildingA_Floor2,TypeA
1060,2025-04-10 20:41:50,28.84,38.51,BuildingB_Floor1,TypeB
1052,2025-04-08 13:34:01,31.14,53.16,BuildingA_Floor1,TypeA
1077,2025-04-11 00:55:42,15.14,63.14,BuildingB_Floor1,TypeA
1077,2025-04-08 23:57:39,25.93,79.05,BuildingA_Floor1,TypeB
1097,2025-04-09 09:56:40,20.59,42.86,BuildingB_Floor1,TypeC
1078,2025-04-07 03:48:15,31.4,60.29,BuildingA_Floor2,TypeB
1053,2025-04-09 19:29:58,30.61,72.13,BuildingA_Floor2,TypeB
1085,2025-04-08 08:08:53,19.91,48.48,BuildingB_Floor1,TypeA
1028,2025-04-09 16:23:45,23.49,60.02,BuildingA_Floor2,TypeC
1027,2025-04-07 04:55:13,24.25,33.03,BuildingA_Floor1,TypeB
1054,2025-04-11 15:57:44,20.99,34.92,BuildingB_Floor1,TypeC
1010,2025-04-10 19:50:51,17.5,37.83,BuildingA_Floor1,TypeC
1029,2025-04-07 14:00:43,21.5,45.49,BuildingA_Floor2,TypeA
1092,2025-04-11 10:13:37,31.26,42.59,BuildingB_Floor1,TypeC
1034,2025-04-08 11:01:04,29.67,30.04,BuildingA_Floor2,TypeA
1038,2025-04-11 21:22:34,22.45,77.99,BuildingB_Floor2,TypeB
1096,2025-04-09 03:36:33,18.24,54.1,BuildingB_Floor2,TypeB
1063,2025-04-09 03:32:34,31.4,55.08,BuildingB_Floor1,TypeA
1035,2025-04-08 07:18:13,17.3,33.47,BuildingB_Floor2,TypeB
1093,2025-04-07 08:50:11,25.84,52.48,BuildingA_Floor1,TypeB
1086,2025-04-10 04:48:20,15.29,47.1,BuildingA_Floor1,TypeA
1059,2025-04-09 22:36:28,30.81,63.44,BuildingB_Floor2,TypeC
1079,2025-04-10 17:28:18,33.08,45.26,BuildingB_Floor1,TypeB
1029,2025-04-11 01:03:19,30.05,70.77,BuildingB_Floor2,TypeB
1014,2025-04-10 04:56:44,25.52,35.73,BuildingB_Floor1,TypeC
1035,2025-04-10 15:03:35,17.6,76.58,BuildingA_Floor1,TypeC
1012,2025-04-11 13:10:26,20.26,60.64,BuildingA_Floor1,TypeC
1056,2025-04-07 16:11:57,30.06,73.3,BuildingB_Floor2,TypeC
1083,2025-04-07 11:20:44,17.78,62.29,BuildingA_Floor2,TypeC
1037,2025-04-11 15:17:05,31.11,59.25,BuildingA_Floor2,TypeA
1001,2025-04-10 18:38:17,17.59,46.78,BuildingB_Floor1,TypeC
1093,2025-04-11 12:20:42,29.06,35.22,BuildingA_Floor1,TypeA
1073,2025-04-10 12:11:37,23.17,37.84,BuildingA_Floor2,TypeC
1065,2025-04-11 18:02:21,27.93,60.58,BuildingB_Floor2,TypeB
1076,2025-04-08 07:46:10,29.87,59.45,BuildingB_Floor2,TypeB
1097,2025-04-09 22:59:16,20.95,41.73,BuildingA_Floor2,TypeA
1022,2025-04-07 23:27:54,28.49,70.35,BuildingA_Floor1,TypeA
1094,2025-04-11 00:17:55,26.01,33.35,BuildingB_Floor1,TypeB
1069,2025-04-09 15:21:52,34.56,74.57,BuildingB_Floor2,TypeA
1058,2025-04-08 00:50:38,19.9,75.68,BuildingB_Floor1,TypeB
1000,2025-04-08 01:44:35,16.99,56.75,BuildingB_Floor2,TypeB
1077,2025-04-10 11:01:24,21.42,31.8,BuildingB_Floor2,TypeA
1017,2025-04-09 22:55:27,33.11,70.25,BuildingB_Floor1,TypeB
1019,2025-04-08 11:46:12,26.46,76.86,BuildingB_Floor2,TypeB
1033,2025-04-10 00:19:22,29.49,48.42,BuildingA_Floor1,TypeA
1032,2025-04-07 03:25:24,31.07,42.62,BuildingA_Floor2,TypeC
1081,2025-04-09 12:29:58,18.89,72.57,BuildingB_Floor1,TypeA
1013,2025-04-11 13:21:32,33.03,65.86,BuildingB_Floor2,TypeA
1048,2025-04-07 19:57:16,24.9,54.99,BuildingB_Floor2,TypeA
1065,2025-04-07 14:53:47,26.57,60.55,BuildingA_Floor1,TypeA
1082,2025-04-10 19:15:11,18.28,43.81,BuildingA_Floor1,TypeB
1087,2025-04-08 21:37:12,29.81,48.67,BuildingB_Floor1,TypeC
1063,2025-04-11 18:21:31,27.37,44.37,BuildingA_Floor2,TypeB
1007,2025-04-09 09:59:57,25.66,54.54,BuildingB_Floor2,TypeA
1038,2025-04-11 07:23:55,27.93,60.17,BuildingB_Floor1,TypeB
1003,2025-04-07 14:53:09,29.57,76.04,BuildingA_Floor1,TypeC
1100,2025-04-08 04:01:41,33.6,59.04,BuildingA_Floor1,TypeA
1084,2025-04-12 02:42:52,30.81,36.73,BuildingA_Floor2,TypeA
1085,2025-04-10 08:19:09,20.1,68.11,BuildingA_Floor1,TypeB
1054,2025-04-08 21:05:47,18.63,52.18,BuildingB_Floor2,TypeB
1080,2025-04-08 02:27:48,21.51,71.61,BuildingB_Floor2,TypeA
1049,2025-04-12 00:47:11,29.59,43.03,BuildingB_Floor2,TypeB
1014,2025-04-10 09:47:11,27.32,69.47,BuildingA_Floor1,TypeC
1053,2025-04-08 22:33:52,15.42,76.08,BuildingA_Floor2,TypeA
1048,2025-04-10 17:10:12,20.23,57.72,BuildingA_Floor2,TypeC
1077,2025-04-10 19:59:12,28.02,53.77,BuildingA_Floor2,TypeC
1051,2025-04-07 21:59:39,22.82,54.25,BuildingB_Floor2,TypeB
1058,2025-04-10 10:07:15,20.58,60.32,BuildingB_Floor1,TypeB
1062,2025-04-09 04:00:46,22.84,70.19,BuildingA_Floor1,TypeA
1030,2025-04-08 05:58:15,20.94,74.7,BuildingB_Floor1,TypeA
1067,2025-04-09 11:41:41,18.49,31.69,BuildingA_Floor2,TypeA
1054,2025-04-09 07:52:00,23.33,47.25,BuildingB_Floor2,TypeA
1067,2025-04-07 13:33:11,29.03,63.46,BuildingA_Floor1,TypeC
1023,2025-04-10 21:13:55,25.13,46.27,BuildingA_Floor1,TypeA
1094,2025-04-10 14:27:16,17.66,79.44,BuildingB_Floor2,TypeB
1092,2025-04-09 03:16:18,26.74,31.21,BuildingA_Floor2,TypeA
1049,2025-04-08 23:10:37,24.07,67.7,BuildingA_Floor1,TypeA
1030,2025-04-09 08:44:53,21.74,71.89,BuildingB_Floor2,TypeC
1081,2025-04-08 08:40:38,17.92,63.09,BuildingB_Floor1,TypeB
1057,2025-04-09 08:03:25,24.23,43.9,BuildingA_Floor1,TypeC
1013,2025-04-09 23:54:02,28.48,41.78,BuildingA_Floor1,TypeA
1035,2025-04-09 20:32:47,23.94,31.79,BuildingB_Floor2,TypeA
1051,2025-04-07 19:00:28,32.88,74.38,BuildingB_Floor2,TypeA
1055,2025-04-10 16:45:13,16.67,47.23,BuildingB_Floor2,TypeA
1058,2025-04-09 06:01:32,25.73,53.76,BuildingB_Floor1,TypeB
1034,2025-04-10 06:08:14,29.84,64.21,BuildingB_Floor1,TypeB
1065,2025-04-07 14:42:53,24.37,31.14,BuildingB_Floor1,TypeB
1012,2025-04-11 08:11:07,20.86,45.65,BuildingB_Floor2,TypeA
1077,2025-04-10 18:15:22,28.85,57.63,BuildingA_Floor1,TypeA
1098,2025-04-11 07:02:44,15.79,51.15,BuildingA_Floor2,TypeA
1089,2025-04-10 23:00:54,31.72,40.14,BuildingA_Floor1,TypeA
1003,2025-04-08 02:34:11,20.77,32.68,BuildingB_Floor2,TypeB
1007,2025-04-09 07:08:11,25.35,78.01,BuildingA_Floor2,TypeA
1091,2025-04-08 08:12:07,15.22,36.86,BuildingB_Floor2,TypeC
1079,2025-04-07 22:40:29,33.79,33.83,BuildingB_Floor1,TypeB
1033,2025-04-07 21:17:51,17.43,41.57,BuildingB_Floor2,TypeB
1100,2025-04-08 02:49:56,16.72,39.29,BuildingB_Floor1,TypeC
1047,2025-04-11 08:49:12,26.33,77.38,BuildingB_Floor1,TypeA
1018,2025-04-10 11:52:26,27.95,75.99,BuildingB_Floor1,TypeB
1015,2025-04-08 12:54:35,27.46,33.19,BuildingB_Floor1,TypeC
1071,2025-04-09 15:35:25,34.55,66.62,BuildingA_Floor2,TypeC
1060,2025-04-10 04:36:17,28.78,74.47,BuildingB_Floor2,TypeB
1066,2025-04-09 07:32:28,31.71,75.08,BuildingB_Floor2,TypeA
1074,2025-04-11 10:29:10,27.04,38.5,BuildingA_Floor1,TypeA
1096,2025-04-12 03:09:18,30.39,70.25,BuildingB_Floor2,TypeC
1037,2025-04-08 16:41:12,20.5,45.62,BuildingB_Floor2,TypeC
1097,2025-04-11 12:12:30,19.12,49.84,BuildingA_Floor2,TypeC
1028,2025-04-09 20:02:29,27.39,64.9,BuildingB_Floor1,TypeB
1057,2025-04-08 01:03:04,31.4,43.72,BuildingB_Floor1,TypeC
1085,2025-04-08 14:39:52,33.22,78.38,BuildingA_Floor2,TypeB
1073,2025-04-07 20:27:43,18.89,72.27,BuildingA_Floor1,TypeC
1077,2025-04-10 09:53:56,21.16,37.9,BuildingA_Floor1,TypeC
1039,2025-04-11 03:03:58,26.02,55.15,BuildingA_Floor1,TypeA
1033,2025-04-11 12:34:28,29.91,49.86,BuildingA_Floor2,TypeC
1095,2025-04-08 13:33:24,34.86,74.05,BuildingA_Floor2,TypeC
1090,2025-04-11 07:03:42,15.52,45.41,BuildingA_Floor1,TypeA
1013,2025-04-08 16:38:43,18.11,49.17,BuildingA_Floor1,TypeB
1028,2025-04-08 20:31:33,16.78,75.42,BuildingB_Floor1,TypeC
1001,2025-04-08 06:39:31,34.05,77.87,BuildingB_Floor1,TypeB
1057,2025-04-10 08:17:29,26.74,38.56,BuildingB_Floor1,TypeC
1078,2025-04-11 23:54:02,17.79,52.77,BuildingA_Floor2,TypeC
1070,2025-04-08 12:04:54,32.36,70.88,BuildingA_Floor2,TypeC
1025,2025-04-10 08:16:15,21.09,65.62,BuildingB_Floor1,TypeA
1016,2025-04-08 19:27:22,24.37,55.15,BuildingA_Floor1,TypeC
1055,2025-04-10 18:36:46,25.78,57.12,BuildingA_Floor1,TypeB
1089,2025-04-07 04:20:32,31.39,56.73,BuildingB_Floor2,TypeA
1007,2025-04-08 08:10:48,33.67,64.83,BuildingB_Floor1,TypeC
1059,2025-04-09 13:15:14,29.15,46.5,BuildingB_Floor1,TypeC
1059,2025-04-11 12:42:15,18.88,53.89,BuildingB_Floor2,TypeA
1015,2025-04-11 18:17:02,24.95,48.45,BuildingA_Floor1,TypeA
1076,2025-04-10 03:58:17,15.01,79.39,BuildingA_Floor1,TypeC
1029,2025-04-08 20:02:39,16.75,36.04,BuildingB_Floor2,TypeC
1099,2025-04-08 10:02:40,31.87,70.2,BuildingB_Floor2,TypeB
1040,2025-04-09 21:18:08,19.04,38.16,BuildingA_Floor2,TypeA
1055,2025-04-08 13:10:13,30.1,41.78,BuildingB_Floor2,TypeB
1012,2025-04-10 04:10:13,31.18,43.72,BuildingA_Floor1,TypeA
1058,2025-04-11 16:07:05,31.89,31.21,BuildingA_Floor2,TypeB
1096,2025-04-10 23:15:53,16.4,35.17,BuildingB_Floor2,TypeA
1008,2025-04-08 04:02:48,29.43,49.3,BuildingB_Floor1,TypeB
1074,2025-04-08 17:53:59,22.53,63.5,BuildingA_Floor2,TypeA
1020,2025-04-12 01:47:24,34.26,42.97,BuildingA_Floor1,TypeC
1055,2025-04-08 15:02:11,33.49,72.38,BuildingB_Floor2,TypeA
1032,2025-04-10 10:08:06,18.92,51.0,BuildingB_Floor2,TypeC
1082,2025-04-09 22:00:41,26.59,35.37,BuildingB_Floor2,TypeB
1018,2025-04-10 11:27:29,24.56,43.19,BuildingA_Floor2,TypeB
1098,2025-04-08 10:11:21,28.6,76.76,BuildingA_Floor2,TypeB
1038,2025-04-10 23:12:04,25.85,76.24,BuildingB_Floor1,TypeB
1028,2025-04-08 10:44:26,22.32,76.68,BuildingA_Floor2,TypeC
1036,2025-04-09 02:44:04,19.73,77.18,BuildingA_Floor1,TypeC
1080,2025-04-11 21:44:50,15.83,34.72,BuildingB_Floor1,TypeC
1072,2025-04-10 04:38:50,27.0,42.98,BuildingA_Floor1,TypeC
1032,2025-04-11 03:33:45,16.88,74.46,BuildingA_Floor2,TypeB
1049,2025-04-11 11:11:49,26.5,61.78,BuildingA_Floor1,TypeB
1098,2025-04-10 20:45:14,31.12,68.26,BuildingA_Floor1,TypeA
1030,2025-04-10 12:28:24,24.62,61.51,BuildingA_Floor2,TypeC
1030,2025-04-08 15:07:21,28.54,41.97,BuildingB_Floor2,TypeB
1047,2025-04-08 03:25:16,29.68,68.45,BuildingB_Floor1,TypeC
1017,2025-04-07 22:45:31,31.7,75.64,BuildingB_Floor1,TypeB
1082,2025-04-10 09:31:34,16.73,48.03,BuildingA_Floor2,TypeA
1083,2025-04-10 03:53:45,17.22,76.85,BuildingB_Floor2,TypeA
1018,2025-04-09 10:09:11,30.28,33.96,BuildingB_Floor1,TypeC
1063,2025-04-11 19:17:53,23.47,74.73,BuildingB_Floor2,TypeB
1056,2025-04-10 15:53:14,26.62,60.82,BuildingB_Floor1,TypeA
1058,2025-04-10 18:37:55,20.09,58.76,BuildingA_Floor1,TypeA
1005,2025-04-10 04:43:03,20.88,48.38,BuildingA_Floor1,TypeA
1019,2025-04-08 17:45:29,32.69,39.47,BuildingA_Floor2,TypeC
1057,2025-04-09 05:14:50,26.11,52.91,BuildingB_Floor1,TypeA
1071,2025-04-10 11:28:16,33.33,57.44,BuildingA_Floor1,TypeB
1034,2025-04-08 16:03:54,20.0,44.54,BuildingB_Floor1,TypeC
1018,2025-04-11 07:30:34,22.0,68.52,BuildingB_Floor1,TypeA
1003,2025-04-09 18:22:10,21.02,75.12,BuildingA_Floor1,TypeC
1040,2025-04-09 21:10:37,16.59,59.05,BuildingB_Floor1,TypeC
1035,2025-04-09 13:02:13,32.58,61.03,BuildingB_Floor2,TypeA
1024,2025-04-08 18:03:44,25.73,62.1,BuildingA_Floor2,TypeB
1013,2025-04-07 17:54:42,16.3,73.97,BuildingA_Floor1,TypeB
1007,2025-04-11 20:02:39,24.7,37.95,BuildingA_Floor2,TypeC
1032,2025-04-10 03:24:58,15.55,32.47,BuildingA_Floor1,TypeC
1023,2025-04-08 14:08:02,26.06,62.38,BuildingB_Floor2,TypeB
1026,2025-04-09 07:01:27,31.61,66.99,BuildingB_Floor2,TypeB
1068,2025-04-10 10:01:35,30.34,73.37,BuildingA_Floor2,TypeB
1100,2025-04-07 05:23:33,32.79,35.24,BuildingA_Floor1,TypeA
1021,2025-04-11 22:54:53,33.85,39.62,BuildingA_Floor1,TypeC
1000,2025-04-10 05:22:27,34.3,71.35,BuildingA_Floor1,TypeC
1049,2025-04-10 01:57:26,17.57,38.15,BuildingA_Floor1,TypeC
1025,2025-04-10 03:28:36,29.24,41.35,BuildingA_Floor2,TypeA
1006,2025-04-07 09:05:27,29.09,55.51,BuildingA_Floor1,TypeA
1083,2025-04-08 07:02:25,15.58,78.43,BuildingA_Floor1,TypeA
1022,2025-04-10 23:09:10,32.17,74.68,BuildingB_Floor2,TypeC
1021,2025-04-08 07:47:49,18.64,57.57,BuildingB_Floor1,TypeB
1068,2025-04-09 19:54:28,20.65,50.4,BuildingB_Floor1,TypeA
1085,2025-04-10 05:38:19,22.66,42.51,BuildingA_Floor2,TypeC
1066,2025-04-12 02:18:00,16.14,63.4,BuildingB_Floor1,TypeC
1044,2025-04-07 17:28:11,20.21,68.26,BuildingA_Floor2,TypeB
1060,2025-04-10 07:32:17,21.84,36.62,BuildingA_Floor1,TypeC
1051,2025-04-10 02:54:36,34.66,55.47,BuildingB_Floor1,TypeC
1073,2025-04-09 20:41:53,23.46,63.49,BuildingB_Floor1,TypeA
1012,2025-04-11 17:49:01,16.44,65.03,BuildingB_Floor2,TypeA
1066,2025-04-11 17:09:26,21.9,34.45,BuildingA_Floor2,TypeB
1066,2025-04-09 11:08:12,18.08,73.88,BuildingA_Floor2,TypeA
1004,2025-04-10 01:26:14,31.25,75.58,BuildingA_Floor1,TypeB
1081,2025-04-07 20:53:53,32.61,34.33,BuildingB_Floor2,TypeA
1081,2025-04-11 02:18:40,34.26,54.3,BuildingA_Floor1,TypeB
1056,2025-04-07 22:35:33,16.6,72.98,BuildingA_Floor1,TypeC
1029,2025-04-11 14:27:14,16.64,36.2,BuildingA_Floor1,TypeC
1061,2025-04-11 19:39:09,32.21,53.77,BuildingB_Floor1,TypeC
1069,2025-04-10 22:19:28,34.6,62.94,BuildingA_Floor2,TypeA
1018,2025-04-09 18:01:21,29.31,65.41,BuildingA_Floor2,TypeB
1052,2025-04-11 04:34:46,16.95,57.2,BuildingB_Floor2,TypeA
1041,2025-04-12 02:35:45,26.18,45.1,BuildingB_Floor2,TypeC
1044,2025-04-07 14:06:20,34.48,59.2,BuildingB_Floor2,TypeA
1093,2025-04-11 07:49:21,19.69,74.77,BuildingA_Floor2,TypeB
1085,2025-04-07 14:42:07,18.86,35.5,BuildingA_Floor2,TypeA
1077,2025-04-11 17:11:22,29.23,75.01,BuildingA_Floor1,TypeC
1002,2025-04-11 16:27:31,29.48,52.18,BuildingB_Floor1,TypeB
1100,2025-04-10 05:55:09,26.85,77.47,BuildingA_Floor2,TypeC
1068,2025-04-10 14:04:02,26.1,41.32,BuildingB_Floor2,TypeB
1000,2025-04-11 09:50:06,22.62,69.19,BuildingA_Floor2,TypeB
1082,2025-04-11 09:02:37,16.99,52.86,BuildingA_Floor2,TypeA
1046,2025-04-09 01:46:02,25.56,52.38,BuildingA_Floor1,TypeB
1076,2025-04-07 15:08:45,18.55,42.67,BuildingA_Floor1,TypeC
1023,2025-04-11 19:10:47,34.26,76.94,BuildingA_Floor1,TypeC
1050,2025-04-10 16:41:13,31.06,44.5,BuildingB_Floor2,TypeB
1075,2025-04-09 14:11:47,23.65,60.54,BuildingA_Floor1,TypeB
1065,2025-04-08 09:16:33,21.14,49.27,BuildingB_Floor1,TypeC
1028,2025-04-09 12:59:11,19.24,51.92,BuildingA_Floor2,TypeB
1021,2025-04-08 12:43:09,29.64,61.56,BuildingB_Floor2,TypeA
1006,2025-04-09 17:17:25,21.71,33.49,BuildingA_Floor1,TypeB
1003,2025-04-08 03:30:08,30.38,72.23,BuildingB_Floor1,TypeB
1076,2025-04-10 21:58:10,22.71,60.67,BuildingB_Floor2,TypeC
1056,2025-04-07 06:32:21,17.43,54.52,BuildingA_Floor1,TypeC
1090,2025-04-10 23:34:57,26.2,42.05,BuildingB_Floor1,TypeA
1012,2025-04-09 07:05:30,23.16,60.64,BuildingA_Floor2,TypeB
1024,2025-04-11 07:45:27,21.09,45.73,BuildingA_Floor1,TypeC
1042,2025-04-11 08:57:43,22.52,62.84,BuildingB_Floor2,TypeB
1066,2025-04-10 10:03:44,29.49,39.18,BuildingB_Floor2,TypeA
1080,2025-04-10 14:09:55,25.8,34.7,BuildingA_Floor2,TypeB
1029,2025-04-09 15:09:36,31.61,58.5,BuildingB_Floor1,TypeC
1024,2025-04-10 14:04:18,25.11,58.21,BuildingB_Floor2,TypeA
1059,2025-04-07 10:41:07,33.84,46.48,BuildingA_Floor1,TypeC
1009,2025-04-09 02:03:24,15.51,51.88,BuildingB_Floor2,TypeB
1065,2025-04-07 20:02:19,19.55,37.34,BuildingA_Floor1,TypeC
1016,2025-04-08 13:58:35,22.22,30.39,BuildingA_Floor1,TypeA
1008,2025-04-11 21:45:45,33.1,49.5,BuildingA_Floor1,TypeA
1063,2025-04-07 17:48:27,31.52,51.96,BuildingA_Floor1,TypeC
1099,2025-04-11 15:51:39,24.13,32.33,BuildingB_Floor1,TypeC
1017,2025-04-07 19:47:33,21.9,75.8,BuildingB_Floor2,TypeA
1046,2025-04-07 14:30:08,19.2,41.35,BuildingB_Floor1,TypeA
1061,2025-04-10 20:25:20,28.14,35.98,BuildingB_Floor2,TypeB
1028,2025-04-10 14:14:32,23.55,30.88,BuildingB_Floor2,TypeB
1083,2025-04-10 02:06:14,20.7,65.33,BuildingA_Floor2,TypeA
1056,2025-04-10 01:21:06,16.43,66.72,BuildingA_Floor2,TypeA
1051,2025-04-09 00:18:23,17.39,37.18,BuildingA_Floor1,TypeB
1053,2025-04-11 04:32:33,21.07,40.06,BuildingB_Floor1,TypeB
1011,2025-04-11 08:58:22,26.11,50.93,BuildingA_Floor1,TypeA
1077,2025-04-07 20:10:32,15.27,62.12,BuildingB_Floor2,TypeC
1023,2025-04-08 04:59:07,25.78,44.93,BuildingA_Floor1,TypeA
1035,2025-04-10 12:29:51,34.31,33.33,BuildingA_Floor2,TypeB
1017,2025-04-10 15:02:56,34.54,42.22,BuildingA_Floor1,TypeC
1058,2025-04-08 20:12:37,16.77,61.08,BuildingB_Floor1,TypeC
1005,2025-04-10 05:20:25,19.54,30.13,BuildingB_Floor1,TypeB
1021,2025-04-10 14:29:01,28.01,64.91,BuildingB_Floor1,TypeB
1020,2025-04-10 23:20:22,24.15,48.43,BuildingB_Floor2,TypeC
1006,2025-04-11 22:36:32,32.9,64.87,BuildingB_Floor2,TypeC
1010,2025-04-11 07:27:03,32.18,48.09,BuildingA_Floor2,TypeC
1030,2025-04-11 02:34:59,18.64,67.49,BuildingB_Floor2,TypeC
1098,2025-04-10 11:41:44,15.79,36.64,BuildingA_Floor1,TypeC
1087,2025-04-11 01:34:00,25.65,58.31,BuildingB_Floor2,TypeB
1089,2025-04-08 00:32:45,19.19,43.04,BuildingB_Floor2,TypeA
1035,2025-04-11 21:02:13,19.42,35.24,BuildingB_Floor1,TypeB
1029,2025-04-10 07:11:00,16.14,71.88,BuildingA_Floor1,TypeB
1030,2025-04-11 14:01:17,18.58,59.51,BuildingA_Floor1,TypeB
1036,2025-04-11 17:44:31,15.94,42.61,BuildingB_Floor1,TypeC
1017,2025-04-11 08:36:54,16.09,43.67,BuildingB_Floor2,TypeC
1006,2025-04-09 21:14:29,31.95,41.38,BuildingA_Floor1,TypeB
1020,2025-04-07 17:11:42,30.95,31.05,BuildingB_Floor1,TypeB
1063,2025-04-11 12:17:26,33.81,75.8,BuildingB_Floor2,TypeA
1062,2025-04-07 16:32:43,29.9,69.78,BuildingA_Floor2,TypeB
1000,2025-04-12 01:53:03,16.03,51.56,BuildingB_Floor1,TypeA
1022,2025-04-07 17:02:03,30.24,40.37,BuildingA_Floor1,TypeB
1011,2025-04-10 12:20:32,23.41,70.35,BuildingA_Floor1,TypeC
1001,2025-04-07 06:53:41,15.87,73.23,BuildingB_Floor1,TypeB
1034,2025-04-08 02:35:57,16.47,73.25,BuildingA_Floor1,TypeA
1090,2025-04-09 17:09:33,23.03,62.03,BuildingB_Floor2,TypeC
1015,2025-04-10 19:40:43,28.28,60.17,BuildingB_Floor2,TypeC
1042,2025-04-08 07:23:28,32.16,51.35,BuildingA_Floor1,TypeB
1001,2025-04-08 12:27:19,17.27,33.94,BuildingA_Floor2,TypeC
1068,2025-04-07 23:35:31,21.57,49.69,BuildingA_Floor2,TypeB
1059,2025-04-11 01:17:25,30.57,47.98,BuildingB_Floor2,TypeB
1042,2025-04-07 16:34:09,16.82,39.42,BuildingA_Floor2,TypeB
1011,2025-04-10 22:08:09,29.96,42.84,BuildingB_Floor2,TypeA
1055,2025-04-10 10:16:05,31.81,76.45,BuildingA_Floor2,TypeC
1083,2025-04-11 13:48:39,15.32,68.72,BuildingA_Floor2,TypeC
1027,2025-04-08 03:12:56,23.22,48.9,BuildingA_Floor2,TypeB
1074,2025-04-10 20:06:58,30.06,66.99,BuildingB_Floor1,TypeC
1076,2025-04-11 02:44:46,31.97,34.96,BuildingA_Floor2,TypeA
1054,2025-04-11 08:52:48,24.9,50.56,BuildingB_Floor2,TypeC
1085,2025-04-09 10:18:38,21.56,45.15,BuildingB_Floor2,TypeA
1025,2025-04-10 21:52:33,29.57,32.59,BuildingB_Floor1,TypeA
1075,2025-04-10 22:05:12,24.86,47.45,BuildingB_Floor1,TypeB
1015,2025-04-09 23:48:48,18.06,50.67,BuildingA_Floor2,TypeA
1063,2025-04-07 04:20:04,34.65,34.42,BuildingB_Floor2,TypeB
1065,2025-04-10 12:22:46,29.5,37.44,BuildingA_Floor2,TypeB
1049,2025-04-11 13:14:51,31.39,54.58,BuildingA_Floor2,TypeC
1027,2025-04-10 04:09:18,24.49,36.44,BuildingA_Floor2,TypeA
1086,2025-04-09 13:41:01,27.19,55.75,BuildingA_Floor2,TypeA
1090,2025-04-08 15:17:53,28.29,75.01,BuildingB_Floor1,TypeB
1063,2025-04-11 04:34:00,23.21,43.46,BuildingA_Floor2,TypeB
1014,2025-04-08 20:47:09,23.74,64.38,BuildingA_Floor1,TypeA
1079,2025-04-10 04:38:46,20.66,57.86,BuildingA_Floor2,TypeB
1027,2025-04-10 04:57:14,32.26,68.88,BuildingA_Floor2,TypeB
1089,2025-04-10 09:35:19,20.33,73.79,BuildingB_Floor1,TypeB
1053,2025-04-08 23:27:20,23.92,38.34,BuildingA_Floor1,TypeA
1003,2025-04-11 14:50:19,25.03,61.35,BuildingB_Floor2,TypeC
1072,2025-04-11 19:03:15,17.11,35.41,BuildingA_Floor1,TypeB
1044,2025-04-07 14:19:36,16.99,63.3,BuildingA_Floor2,TypeB
1002,2025-04-08 05:37:20,19.07,51.43,BuildingA_Floor2,TypeA
1026,2025-04-09 16:13:27,24.53,31.57,BuildingA_Floor2,TypeB
1044,2025-04-11 13:19:16,32.99,72.94,BuildingA_Floor2,TypeB
1050,2025-04-09 07:22:11,15.34,76.98,BuildingA_Floor2,TypeA
1056,2025-04-10 21:20:41,24.91,37.34,BuildingB_Floor1,TypeC
1011,2025-04-11 14:18:18,33.93,71.88,BuildingB_Floor2,TypeC
1029,2025-04-07 03:32:05,30.6,31.18,BuildingB_Floor2,TypeB
1074,2025-04-10 12:34:11,17.26,77.83,BuildingA_Floor1,TypeB
1020,2025-04-11 17:01:11,29.93,71.53,BuildingA_Floor1,TypeA
1049,2025-04-08 11:25:05,28.85,31.13,BuildingB_Floor1,TypeA
1075,2025-04-10 02:28:25,26.27,53.48,BuildingB_Floor1,TypeA
1002,2025-04-09 16:11:03,32.86,68.61,BuildingA_Floor1,TypeA
1030,2025-04-10 10:30:11,30.94,73.81,BuildingA_Floor2,TypeB
1083,2025-04-09 16:46:41,21.41,60.0,BuildingA_Floor1,TypeA
1048,2025-04-08 09:57:34,34.55,51.5,BuildingB_Floor2,TypeB
1092,2025-04-07 05:32:45,30.75,51.78,BuildingA_Floor1,TypeC
1015,2025-04-09 16:45:44,16.98,32.93,BuildingB_Floor1,TypeC
1078,2025-04-09 13:28:47,29.3,32.1,BuildingA_Floor2,TypeC
1078,2025-04-07 18:31:38,18.39,67.87,BuildingB_Floor2,TypeB
1045,2025-04-11 07:59:56,17.44,51.12,BuildingA_Floor2,TypeA
1076,2025-04-07 09:50:58,22.19,47.95,BuildingA_Floor1,TypeA
1053,2025-04-11 12:59:39,15.72,46.91,BuildingA_Floor2,TypeA
1070,2025-04-07 14:22:41,27.95,34.77,BuildingA_Floor1,TypeC
1019,2025-04-07 16:28:40,15.58,30.84,BuildingB_Floor2,TypeA
1053,2025-04-07 17:18:55,30.12,57.2,BuildingA_Floor1,TypeB
1022,2025-04-10 05:41:09,17.9,75.73,BuildingB_Floor2,TypeA
1081,2025-04-10 11:46:36,17.58,43.92,BuildingB_Floor2,TypeA
1008,2025-04-11 08:13:54,15.7,58.31,BuildingA_Floor1,TypeA
1041,2025-04-07 22:26:38,25.13,31.76,BuildingA_Floor2,TypeC
1100,2025-04-07 12:42:14,20.1,34.35,BuildingA_Floor2,TypeA
1050,2025-04-08 21:04:40,20.19,65.09,BuildingA_Floor2,TypeC
1057,2025-04-08 11:51:44,33.86,39.33,BuildingB_Floor1,TypeB
1051,2025-04-12 02:36:08,15.65,62.63,BuildingA_Floor1,TypeA
1019,2025-04-08 20:11:13,32.49,37.04,BuildingA_Floor1,TypeC
1077,2025-04-10 14:29:09,22.13,30.52,BuildingB_Floor2,TypeB
1038,2025-04-09 12:36:45,21.79,74.48,BuildingB_Floor1,TypeB
1007,2025-04-08 04:30:56,31.42,77.63,BuildingB_Floor1,TypeC
1025,2025-04-10 11:03:55,23.54,34.74,BuildingB_Floor1,TypeB
1094,2025-04-11 12:17:59,23.5,48.33,BuildingA_Floor1,TypeC
1072,2025-04-10 20:48:35,30.79,51.07,BuildingB_Floor2,TypeA
1016,2025-04-10 03:20:27,27.93,62.19,BuildingB_Floor2,TypeB
1088,2025-04-11 17:06:58,25.24,78.57,BuildingA_Floor2,TypeC
1010,2025-04-11 16:49:33,32.59,73.15,BuildingB_Floor2,TypeC
1059,2025-04-07 18:14:44,21.1,38.15,BuildingB_Floor2,TypeC
1024,2025-04-10 07:48:38,33.2,42.48,BuildingA_Floor1,TypeC
1003,2025-04-07 13:28:25,15.95,52.02,BuildingB_Floor2,TypeA
1051,2025-04-09 01:43:09,22.91,69.15,BuildingA_Floor1,TypeB
1001,2025-04-09 23:35:38,27.77,57.51,BuildingA_Floor2,TypeA
1060,2025-04-10 09:22:03,23.67,40.28,BuildingB_Floor1,TypeA
1066,2025-04-09 07:50:35,21.69,51.67,BuildingB_Floor2,TypeB
1070,2025-04-07 20:32:02,18.61,71.93,BuildingA_Floor2,TypeB
1085,2025-04-10 04:15:18,18.54,73.19,BuildingB_Floor2,TypeA
1031,2025-04-08 18:17:01,21.57,75.05,BuildingB_Floor2,TypeC
1016,2025-04-11 18:41:04,15.25,54.55,BuildingA_Floor2,TypeC
1032,2025-04-10 17:28:50,24.31,75.56,BuildingB_Floor1,TypeC
1053,2025-04-09 00:33:10,27.19,75.18,BuildingA_Floor2,TypeC
1011,2025-04-09 05:16:12,26.19,56.95,BuildingB_Floor1,TypeA
1083,2025-04-12 01:43:15,16.17,34.8,BuildingA_Floor2,TypeC
1064,2025-04-10 13:02:30,21.39,48.37,BuildingB_Floor2,TypeB
1085,2025-04-11 23:28:21,28.91,64.6,BuildingB_Floor2,TypeB
1003,2025-04-10 09:49:49,27.29,63.21,BuildingB_Floor1,TypeB
1019,2025-04-09 14:15:04,29.63,52.77,BuildingB_Floor1,TypeA
1093,2025-04-11 23:04:00,34.6,53.19,BuildingB_Floor2,TypeB
1059,2025-04-09 10:33:57,25.37,64.23,BuildingA_Floor1,TypeC
1054,2025-04-10 09:09:14,28.92,65.22,BuildingA_Floor2,TypeB
1083,2025-04-10 14:05:48,34.51,39.88,BuildingA_Floor2,TypeA
1043,2025-04-10 01:58:52,27.59,76.57,BuildingA_Floor1,TypeA
1065,2025-04-07 21:52:37,30.67,33.22,BuildingA_Floor2,TypeC
1080,2025-04-07 04:31:09,19.85,43.17,BuildingA_Floor1,TypeA
1036,2025-04-07 14:09:45,30.77,33.97,BuildingB_Floor2,TypeA
1016,2025-04-10 04:48:29,27.02,31.57,BuildingA_Floor2,TypeB
1004,2025-04-10 23:00:39,17.08,66.02,BuildingA_Floor2,TypeA
1056,2025-04-09 05:29:16,21.73,66.91,BuildingB_Floor1,TypeB
1069,2025-04-10 02:57:14,25.71,34.01,BuildingA_Floor1,TypeA
1054,2025-04-09 22:27:47,34.22,31.13,BuildingB_Floor1,TypeB
1037,2025-04-09 18:41:31,20.08,30.86,BuildingA_Floor1,TypeA
1051,2025-04-09 04:41:11,20.44,46.31,BuildingB_Floor1,TypeC
1058,2025-04-12 00:52:03,32.12,45.55,BuildingA_Floor2,TypeC
1048,2025-04-08 18:57:36,27.61,61.07,BuildingB_Floor2,TypeB
1064,2025-04-10 19:35:28,23.88,52.3,BuildingA_Floor1,TypeC
1028,2025-04-10 03:09:11,16.84,79.12,BuildingB_Floor2,TypeC
1094,2025-04-07 21:54:13,34.62,69.71,BuildingA_Floor1,TypeC
1019,2025-04-10 15:02:41,32.52,53.28,BuildingB_Floor2,TypeC
1003,2025-04-10 05:55:20,21.51,60.23,BuildingA_Floor2,TypeA
1044,2025-04-09 06:29:28,25.47,33.49,BuildingA_Floor1,TypeB
1020,2025-04-08 03:56:29,24.61,40.63,BuildingA_Floor2,TypeB
1017,2025-04-07 06:00:16,23.93,59.13,BuildingA_Floor1,TypeB
1052,2025-04-10 11:53:46,27.13,35.46,BuildingB_Floor1,TypeA
1081,2025-04-07 15:06:19,18.79,58.04,BuildingB_Floor1,TypeA
1059,2025-04-09 19:06:55,20.67,30.63,BuildingB_Floor2,TypeC
1061,2025-04-09 05:22:33,32.81,73.76,BuildingB_Floor2,TypeB
1086,2025-04-09 04:23:06,26.63,77.74,BuildingB_Floor2,TypeA
1042,2025-04-11 00:44:02,25.79,62.7,BuildingB_Floor2,TypeB
1016,2025-04-07 17:28:11,15.29,50.33,BuildingB_Floor2,TypeB
1071,2025-04-08 14:10:06,25.43,33.43,BuildingB_Floor2,TypeB
1078,2025-04-09 08:16:31,24.6,66.34,BuildingA_Floor1,TypeC
1000,2025-04-10 05:32:00,28.2,58.55,BuildingA_Floor1,TypeA
1013,2025-04-09 20:12:47,29.4,56.71,BuildingA_Floor2,TypeB
1090,2025-04-07 15:50:08,24.3,77.9,BuildingB_Floor1,TypeB
1097,2025-04-09 10:13:46,22.52,59.94,BuildingB_Floor1,TypeC
1091,2025-04-09 01:44:08,17.5,36.58,BuildingB_Floor2,TypeC
1090,2025-04-07 17:59:40,23.79,37.13,BuildingB_Floor2,TypeC
